{"means": [0.4502396583557129, 0.4019438624382019, 0.4949640929698944, 0.5172348618507385, 0.3971656262874603, 0.6396456360816956, 0.4144616723060608, 0.5769705772399902, 0.48343855142593384, 0.41046035289764404, 0.4255591928958893, 0.5582044124603271, 0.43500185012817383, 0.5455721616744995, 0.475117951631546, 0.3529951274394989, 0.4253425598144531, 0.4141629636287689, 0.48056307435035706, 0.49089479446411133, 0.38164106011390686, 0.5057564973831177, 0.3622511327266693, 0.5033730268478394, 0.5235958695411682, 0.5619471669197083, 0.39604541659355164, 0.6248092651367188, 0.4251939058303833, 0.47664573788642883, 0.5865169167518616, 0.5184600949287415, 0.5872572064399719], "stds": [0.5439231395721436, 0.5365182757377625, 0.499163955450058, 0.6799562573432922, 0.44778960943222046, 0.7164696455001831, 0.4637303054332733, 0.5879669189453125, 0.5031236410140991, 0.4340721368789673, 0.4978998601436615, 0.538809597492218, 0.5069290399551392, 0.5614411234855652, 0.5504522323608398, 0.416177362203598, 0.4931824803352356, 0.4797550141811371, 0.49719786643981934, 0.5564311146736145, 0.43992704153060913, 0.609001100063324, 0.35647889971733093, 0.5189694762229919, 0.5955193638801575, 0.641956627368927, 0.42050352692604065, 0.6621891856193542, 0.5145056843757629, 0.5895306468009949, 0.5794143676757812, 0.6417423486709595, 0.5584272146224976], "coins": ["BTC", "ETH", "ATOM", "DYDX", "SOL", "AVAX", "BNB", "APE", "OP", "LTC", "ARB", "INJ", "SUI", "CRV", "LDO", "LINK", "STX", "CFX", "GMX", "SNX", "XRP", "BCH", "APT", "AAVE", "COMP", "WLD", "YGG", "TRX", "kSHIB", "UNI", "SEI", "RUNE", "ZRO"]}