{"means": [0.36296001076698303, 0.3432517647743225, 0.47531744837760925, 0.5138339996337891, 0.3274192214012146, 0.34546899795532227, 0.39068228006362915, 0.5843760967254639, 0.3979876637458801, 0.4045355021953583, 0.3447037935256958, 0.2870863378047943, 0.5310826301574707, 0.3506157100200653, 0.3090115189552307, 0.49948039650917053, 0.40340226888656616, 0.24502289295196533, 0.3568929135799408, 0.4548838436603546, 0.4607466459274292, 0.32084792852401733, 0.4498254954814911, 0.29759442806243896, 0.6055411696434021, 0.4938553273677826, 0.5725370645523071, 0.37331894040107727, 0.6062606573104858, 0.34915274381637573, 0.42442482709884644, 0.4522068500518799, 0.48652857542037964, 0.5666117072105408, 0.3952770531177521, 0.4313798248767853, 0.4408477544784546], "stds": [0.34827980399131775, 0.31762921810150146, 0.47230958938598633, 0.6604253649711609, 0.3148996829986572, 0.3642956614494324, 0.3762216567993164, 0.5224769115447998, 0.3660956025123596, 0.41829901933670044, 0.3645884394645691, 0.2791171073913574, 0.49420374631881714, 0.311056911945343, 0.33353883028030396, 0.48856213688850403, 0.4437662661075592, 0.21557283401489258, 0.34307873249053955, 0.4472745954990387, 0.5022040009498596, 0.3017464876174927, 0.5030272603034973, 0.27250248193740845, 0.6248477697372437, 0.5355721712112427, 0.6281968951225281, 0.33888453245162964, 0.6145334243774414, 0.2922104001045227, 0.5360822677612305, 0.3931216299533844, 0.5167354941368103, 0.5253551602363586, 0.42897120118141174, 0.6009798049926758, 0.5289815664291382], "coins": ["BTC", "ETH", "ATOM", "DYDX", "SOL", "AVAX", "BNB", "APE", "OP", "LTC", "ARB", "DOGE", "INJ", "SUI", "kPEPE", "CRV", "LDO", "LINK", "STX", "GMX", "SNX", "XRP", "BCH", "APT", "AAVE", "COMP", "WLD", "YGG", "TRX", "kSHIB", "UNI", "SEI", "RUNE", "ZRO", "DOT", "BANANA", "TRB"]}