{"means": [0.3301796615123749, 0.3185124099254608, 0.5026170611381531, 0.4911908805370331, 0.3161613345146179, 0.3515501320362091, 0.38277068734169006, 0.5739932060241699, 0.4358636736869812, 0.41302451491355896, 0.37465062737464905, 0.5144268870353699, 0.3388039767742157, 0.5226929783821106, 0.4475676417350769, 0.25802525877952576, 0.3866105377674103, 0.4318716526031494, 0.47708073258399963, 0.4999852478504181, 0.32675251364707947, 0.44110196828842163, 0.31649523973464966, 0.4872858226299286, 0.4958823323249817, 0.5517995357513428, 0.37051236629486084, 0.6288651823997498, 0.32568296790122986, 0.45371270179748535, 0.4554511606693268, 0.4630680978298187, 0.5961649417877197], "stds": [0.29645466804504395, 0.3002956211566925, 0.5294514894485474, 0.6965597867965698, 0.30166417360305786, 0.38248443603515625, 0.31870022416114807, 0.5959069132804871, 0.39707934856414795, 0.3913246989250183, 0.41846102476119995, 0.4888039827346802, 0.3271203637123108, 0.5495145916938782, 0.506285548210144, 0.23043251037597656, 0.3663025498390198, 0.4666409492492676, 0.46013832092285156, 0.5662301182746887, 0.33549433946609497, 0.4874061644077301, 0.29939720034599304, 0.5059207081794739, 0.5663900971412659, 0.6354167461395264, 0.5007902383804321, 0.6556066870689392, 0.3184642493724823, 0.557425320148468, 0.424731582403183, 0.592494785785675, 0.5573655366897583], "coins": ["BTC", "ETH", "ATOM", "DYDX", "SOL", "AVAX", "BNB", "APE", "OP", "LTC", "ARB", "INJ", "SUI", "CRV", "LDO", "LINK", "STX", "CFX", "GMX", "SNX", "XRP", "BCH", "APT", "AAVE", "COMP", "WLD", "YGG", "TRX", "kSHIB", "UNI", "SEI", "RUNE", "ZRO"]}